create database store;
use store;

CREATE TABLE menu
(
  MenuID INT PRIMARY KEY NOT NULL AUTO_INCREMENT,
  MenuName VARCHAR(50)
);
CREATE TABLE product
(
  ProductID VARCHAR(50) PRIMARY KEY NOT NULL,
  ProductName VARCHAR(70),
  ProductPrice DOUBLE,
  ProductPictureUrl VARCHAR(50),
  SubMenuID INT
);
CREATE TABLE settedmenu
(
  SettedMenuID INT PRIMARY KEY NOT NULL
);
CREATE TABLE settedproduct
(
  SettedProductId VARCHAR(50) PRIMARY KEY NOT NULL
);
CREATE TABLE settedsubmenu
(
  SettedSubMenuID INT PRIMARY KEY NOT NULL,
  MenuID INT
);
CREATE TABLE submenu
(
  SubMenuID INT PRIMARY KEY NOT NULL AUTO_INCREMENT,
  SubMenuName VARCHAR(50),
  MenuID VARCHAR(50)
);
CREATE TABLE user
(
  UserId INT PRIMARY KEY NOT NULL AUTO_INCREMENT,
  FirstName VARCHAR(50) DEFAULT '' NOT NULL,
  LastName VARCHAR(50),
  Email VARCHAR(50) DEFAULT '' NOT NULL,
  Phone VARCHAR(50),
  Password VARCHAR(50)
);



INSERT INTO store.menu (MenuID, MenuName) VALUES (1, 'SNOWSPORTS');
INSERT INTO store.menu (MenuID, MenuName) VALUES (2, 'CLIMBING');
INSERT INTO store.menu (MenuID, MenuName) VALUES (3, 'SKYDIVE');
INSERT INTO store.menu (MenuID, MenuName) VALUES (4, 'CYCLING');
INSERT INTO store.menu (MenuID, MenuName) VALUES (5, 'SWIMMING');
INSERT INTO store.menu (MenuID, MenuName) VALUES (6, 'HIKING');
INSERT INTO store.menu (MenuID, MenuName) VALUES (8, 'DIVING');
INSERT INTO store.menu (MenuID, MenuName) VALUES (9, 'RUNNING');
INSERT INTO store.menu (MenuID, MenuName) VALUES (10, 'SURFING');
INSERT INTO store.menu (MenuID, MenuName) VALUES (11, 'HUNTING');
INSERT INTO store.menu (MenuID, MenuName) VALUES (12, 'FISHING');



INSERT INTO store.settedmenu (SettedMenuID) VALUES (1);
INSERT INTO store.settedmenu (SettedMenuID) VALUES (2);
INSERT INTO store.settedmenu (SettedMenuID) VALUES (4);
INSERT INTO store.settedmenu (SettedMenuID) VALUES (5);
INSERT INTO store.settedmenu (SettedMenuID) VALUES (6);
INSERT INTO store.settedmenu (SettedMenuID) VALUES (9);




INSERT INTO store.submenu (SubMenuID, SubMenuName, MenuID) VALUES (1, 'Snowboards', '1');
INSERT INTO store.submenu (SubMenuID, SubMenuName, MenuID) VALUES (2, 'Snowboard Boots', '1');
INSERT INTO store.submenu (SubMenuID, SubMenuName, MenuID) VALUES (3, 'Snowboard Bindings', '1');
INSERT INTO store.submenu (SubMenuID, SubMenuName, MenuID) VALUES (4, 'Goggles', '1');
INSERT INTO store.submenu (SubMenuID, SubMenuName, MenuID) VALUES (5, 'Helmets', '1');
INSERT INTO store.submenu (SubMenuID, SubMenuName, MenuID) VALUES (6, 'Figure Skates', '1');
INSERT INTO store.submenu (SubMenuID, SubMenuName, MenuID) VALUES (7, 'Hockey Sticks', '1');
INSERT INTO store.submenu (SubMenuID, SubMenuName, MenuID) VALUES (8, 'Harness', '2');
INSERT INTO store.submenu (SubMenuID, SubMenuName, MenuID) VALUES (9, 'Ropes', '2');
INSERT INTO store.submenu (SubMenuID, SubMenuName, MenuID) VALUES (10, 'Protections', '2');
INSERT INTO store.submenu (SubMenuID, SubMenuName, MenuID) VALUES (11, 'Shoes', '2');
INSERT INTO store.submenu (SubMenuID, SubMenuName, MenuID) VALUES (12, 'Carabiners', '2');
INSERT INTO store.submenu (SubMenuID, SubMenuName, MenuID) VALUES (13, 'Bikes', '4');
INSERT INTO store.submenu (SubMenuID, SubMenuName, MenuID) VALUES (14, 'Cycling Shoes', '4');
INSERT INTO store.submenu (SubMenuID, SubMenuName, MenuID) VALUES (15, 'Cycling Gloves', '4');
INSERT INTO store.submenu (SubMenuID, SubMenuName, MenuID) VALUES (16, 'Bike Helmets', '4');
INSERT INTO store.submenu (SubMenuID, SubMenuName, MenuID) VALUES (17, 'Cycling Jackets', '4');
INSERT INTO store.submenu (SubMenuID, SubMenuName, MenuID) VALUES (18, 'Swim Goggles', '5');
INSERT INTO store.submenu (SubMenuID, SubMenuName, MenuID) VALUES (19, 'Women''s Swimsuits', '5');
INSERT INTO store.submenu (SubMenuID, SubMenuName, MenuID) VALUES (20, 'Men''s Swimsuits', '5');
INSERT INTO store.submenu (SubMenuID, SubMenuName, MenuID) VALUES (21, 'Men''s Technical Swimsuits', '5');
INSERT INTO store.submenu (SubMenuID, SubMenuName, MenuID) VALUES (22, 'Men''s Running Jackets', '9');
INSERT INTO store.submenu (SubMenuID, SubMenuName, MenuID) VALUES (23, 'Women''s Running Jackets', '9');
INSERT INTO store.submenu (SubMenuID, SubMenuName, MenuID) VALUES (24, 'Men''s Running Shorts', '9');
INSERT INTO store.submenu (SubMenuID, SubMenuName, MenuID) VALUES (25, 'Women''s Running Shorts', '9');
INSERT INTO store.submenu (SubMenuID, SubMenuName, MenuID) VALUES (26, 'Sports Bras', '9');
INSERT INTO store.submenu (SubMenuID, SubMenuName, MenuID) VALUES (27, 'Hiking Backpacks', '6');
INSERT INTO store.submenu (SubMenuID, SubMenuName, MenuID) VALUES (28, 'Men''s Hiking Boots', '6');
INSERT INTO store.submenu (SubMenuID, SubMenuName, MenuID) VALUES (29, 'Women''s Hiking Boots', '6');




INSERT INTO store.settedsubmenu (SettedSubMenuID, MenuID) VALUES (1, 1);
INSERT INTO store.settedsubmenu (SettedSubMenuID, MenuID) VALUES (2, 1);
INSERT INTO store.settedsubmenu (SettedSubMenuID, MenuID) VALUES (3, 1);
INSERT INTO store.settedsubmenu (SettedSubMenuID, MenuID) VALUES (4, 1);
INSERT INTO store.settedsubmenu (SettedSubMenuID, MenuID) VALUES (5, 1);
INSERT INTO store.settedsubmenu (SettedSubMenuID, MenuID) VALUES (6, 1);
INSERT INTO store.settedsubmenu (SettedSubMenuID, MenuID) VALUES (7, 1);
INSERT INTO store.settedsubmenu (SettedSubMenuID, MenuID) VALUES (8, 2);
INSERT INTO store.settedsubmenu (SettedSubMenuID, MenuID) VALUES (9, 2);
INSERT INTO store.settedsubmenu (SettedSubMenuID, MenuID) VALUES (10, 2);
INSERT INTO store.settedsubmenu (SettedSubMenuID, MenuID) VALUES (11, 2);
INSERT INTO store.settedsubmenu (SettedSubMenuID, MenuID) VALUES (12, 2);
INSERT INTO store.settedsubmenu (SettedSubMenuID, MenuID) VALUES (13, 4);
INSERT INTO store.settedsubmenu (SettedSubMenuID, MenuID) VALUES (14, 4);
INSERT INTO store.settedsubmenu (SettedSubMenuID, MenuID) VALUES (15, 4);
INSERT INTO store.settedsubmenu (SettedSubMenuID, MenuID) VALUES (16, 4);
INSERT INTO store.settedsubmenu (SettedSubMenuID, MenuID) VALUES (17, 4);
INSERT INTO store.settedsubmenu (SettedSubMenuID, MenuID) VALUES (18, 5);
INSERT INTO store.settedsubmenu (SettedSubMenuID, MenuID) VALUES (19, 5);
INSERT INTO store.settedsubmenu (SettedSubMenuID, MenuID) VALUES (20, 5);
INSERT INTO store.settedsubmenu (SettedSubMenuID, MenuID) VALUES (21, 5);
INSERT INTO store.settedsubmenu (SettedSubMenuID, MenuID) VALUES (22, 9);
INSERT INTO store.settedsubmenu (SettedSubMenuID, MenuID) VALUES (23, 9);
INSERT INTO store.settedsubmenu (SettedSubMenuID, MenuID) VALUES (24, 9);
INSERT INTO store.settedsubmenu (SettedSubMenuID, MenuID) VALUES (25, 9);
INSERT INTO store.settedsubmenu (SettedSubMenuID, MenuID) VALUES (26, 9);
INSERT INTO store.settedsubmenu (SettedSubMenuID, MenuID) VALUES (27, 6);
INSERT INTO store.settedsubmenu (SettedSubMenuID, MenuID) VALUES (28, 6);
INSERT INTO store.settedsubmenu (SettedSubMenuID, MenuID) VALUES (29, 6);




INSERT INTO store.product (ProductID, ProductName, ProductPrice, ProductPictureUrl, SubMenuID) VALUES ('11596141', 'Canari Men''s Evolution Fingerless Cycling Gloves', 22.99, 'CyclingGloves3', 15);
INSERT INTO store.product (ProductID, ProductName, ProductPrice, ProductPictureUrl, SubMenuID) VALUES ('11783408', 'Nike Women''s Tempo Shorts Premium', 22.5, 'Women''sRunningShort2', 25);
INSERT INTO store.product (ProductID, ProductName, ProductPrice, ProductPictureUrl, SubMenuID) VALUES ('12438524', 'Lake Placid Girls'' Starglide Double Runner', 29.99, 'Skates6', 6);
INSERT INTO store.product (ProductID, ProductName, ProductPrice, ProductPictureUrl, SubMenuID) VALUES ('12438535', 'Lake Placid Women''s Alpine 800 Traditional ', 64.99, 'Skates8', 6);
INSERT INTO store.product (ProductID, ProductName, ProductPrice, ProductPictureUrl, SubMenuID) VALUES ('12855117', 'Columbia Women''s Ravenous Lite Flash Trail Shoes', 72.93, 'Women''sHikingBoot7', 29);
INSERT INTO store.product (ProductID, ProductName, ProductPrice, ProductPictureUrl, SubMenuID) VALUES ('13122930', 'Merrell Men''s Moab Waterproof Wide Hiking Shoes', 119.99, 'Men''sHikingBoot6', 28);
INSERT INTO store.product (ProductID, ProductName, ProductPrice, ProductPictureUrl, SubMenuID) VALUES ('13243084', 'Burton Women''s Lexa EST 2013 Snowboard Binding', 152.93, 'SnowboardBinding13', 3);
INSERT INTO store.product (ProductID, ProductName, ProductPrice, ProductPictureUrl, SubMenuID) VALUES ('18499676', 'Speedo Women''s Quantum Splice Swimsuit', 64.99, 'WSwimsuit2', 19);
INSERT INTO store.product (ProductID, ProductName, ProductPrice, ProductPictureUrl, SubMenuID) VALUES ('20279426', 'Giro Women''s Tessa Fingerless Cycling Gloves', 25.99, 'CyclingGloves7', 15);
INSERT INTO store.product (ProductID, ProductName, ProductPrice, ProductPictureUrl, SubMenuID) VALUES ('23066226', 'Speedo Hydrosity Mirrored Goggles', 15.99, 'SwimGoggles7', 18);
INSERT INTO store.product (ProductID, ProductName, ProductPrice, ProductPictureUrl, SubMenuID) VALUES ('23066256', 'Speedo Liquid Storm Mirrored Goggles', 35.99, 'SwimGoggles9', 18);
INSERT INTO store.product (ProductID, ProductName, ProductPrice, ProductPictureUrl, SubMenuID) VALUES ('23096586', 'Burton Women''s Citizen Re:Flex 2014-2015 Snowboard', 129.95, 'SnowboardBinding12', 3);
INSERT INTO store.product (ProductID, ProductName, ProductPrice, ProductPictureUrl, SubMenuID) VALUES ('23442506', 'Burton Men''s Cartel 2014 EST Snowboard Bindings', 233.93, 'SnowboardBinding11', 3);
INSERT INTO store.product (ProductID, ProductName, ProductPrice, ProductPictureUrl, SubMenuID) VALUES ('23442516', 'Burton Men''s Ambush 2013-2014 Snowboard Boots', 224.93, 'SnowboardBoots19', 2);
INSERT INTO store.product (ProductID, ProductName, ProductPrice, ProductPictureUrl, SubMenuID) VALUES ('23596006', 'Burton Men''s Ruler 2014 Snowboard Boots', 197.93, 'SnowboardBoots18', 2);
INSERT INTO store.product (ProductID, ProductName, ProductPrice, ProductPictureUrl, SubMenuID) VALUES ('23645596', 'Burton Women''s Scribe EST 2013-2014 Snowboard', 188.93, 'SnowboardBinding10', 3);
INSERT INTO store.product (ProductID, ProductName, ProductPrice, ProductPictureUrl, SubMenuID) VALUES ('23645616', 'Burton Men''s Mission EST 2013-2014 Snowboard', 197.93, 'SnowboardBinding9', 3);
INSERT INTO store.product (ProductID, ProductName, ProductPrice, ProductPictureUrl, SubMenuID) VALUES ('23645636', 'Burton Girls'' Scribe Disc 2013-2014 Snowboard', 107.93, 'SnowboardBinding8', 3);
INSERT INTO store.product (ProductID, ProductName, ProductPrice, ProductPictureUrl, SubMenuID) VALUES ('23645646', 'Burton Women''s Emerald 2013-2014 Snowboard Boots', 197.93, 'SnowboardBoots16', 2);
INSERT INTO store.product (ProductID, ProductName, ProductPrice, ProductPictureUrl, SubMenuID) VALUES ('23645656', 'Burton Men''s Tyro 2013-2014 Snowboard Boots', 152.93, 'SnowboardBoots17', 2);
INSERT INTO store.product (ProductID, ProductName, ProductPrice, ProductPictureUrl, SubMenuID) VALUES ('24020376', 'Speedo Men''s ProLT Jammer Premium', 34.99, 'MSwimsuit3', 20);
INSERT INTO store.product (ProductID, ProductName, ProductPrice, ProductPictureUrl, SubMenuID) VALUES ('24373976', 'Dolfin Men''s Chloroban Color Block Jammer', 34.99, 'MSwimsuit4', 20);
INSERT INTO store.product (ProductID, ProductName, ProductPrice, ProductPictureUrl, SubMenuID) VALUES ('24737966', 'Men''s Double Century EX Cycling Jacket', 160, 'CyclingJacket2', 17);
INSERT INTO store.product (ProductID, ProductName, ProductPrice, ProductPictureUrl, SubMenuID) VALUES ('24737976', 'Men''s Club Pro Cycling Jacket Premium', 110, 'CyclingJacket5', 17);
INSERT INTO store.product (ProductID, ProductName, ProductPrice, ProductPictureUrl, SubMenuID) VALUES ('24904116', 'DC Shoes Women''s Search 2014 Snowboard Boots', 161.93, 'SnowboardBoots15', 2);
INSERT INTO store.product (ProductID, ProductName, ProductPrice, ProductPictureUrl, SubMenuID) VALUES ('28565316', 'Realtree Outfitters Men''s Cobra Realtree Xtra ', 34.97, 'Men''sHikingBoot2', 28);
INSERT INTO store.product (ProductID, ProductName, ProductPrice, ProductPictureUrl, SubMenuID) VALUES ('28702766', 'Nike Women''s Victory Color Block Power Back', 54.99, 'WSwimsuit3', 19);
INSERT INTO store.product (ProductID, ProductName, ProductPrice, ProductPictureUrl, SubMenuID) VALUES ('28702776', 'Nike Men''s Victory Color Block Jammer', 39.99, 'MSwimsuit1', 20);
INSERT INTO store.product (ProductID, ProductName, ProductPrice, ProductPictureUrl, SubMenuID) VALUES ('28702826', 'Nike Women''s Nylon Core Solid Lingerie Tank', 49.99, 'WSwimsuit5', 19);
INSERT INTO store.product (ProductID, ProductName, ProductPrice, ProductPictureUrl, SubMenuID) VALUES ('28702916', 'Nike Women''s Poly Core Solid Cut-Out Tank', 54.99, 'WSwimsuit6', 19);
INSERT INTO store.product (ProductID, ProductName, ProductPrice, ProductPictureUrl, SubMenuID) VALUES ('28702926', 'Nike Women''s Poly Core Lingerie Tank Swimsuit', 54.99, 'WSwimsuit8', 19);
INSERT INTO store.product (ProductID, ProductName, ProductPrice, ProductPictureUrl, SubMenuID) VALUES ('29600886', 'Nike Women''s Pro Padded Sports Bra', 30, 'SportsBras1', 26);
INSERT INTO store.product (ProductID, ProductName, ProductPrice, ProductPictureUrl, SubMenuID) VALUES ('2979956', 'Merrell Men''s Moab Ventilator Wide Hiking Shoes', 99.99, 'Men''sHikingBoot4', 28);
INSERT INTO store.product (ProductID, ProductName, ProductPrice, ProductPictureUrl, SubMenuID) VALUES ('29833456', 'Merrell Women''s Hilltop Ventilator Hiking Shoes', 59.99, 'Women''sHikingBoot2', 29);
INSERT INTO store.product (ProductID, ProductName, ProductPrice, ProductPictureUrl, SubMenuID) VALUES ('29984616', 'Reebok Youth 10K Ultimate ABS Ice Hockey Stick', 24.99, 'Stick7', 7);
INSERT INTO store.product (ProductID, ProductName, ProductPrice, ProductPictureUrl, SubMenuID) VALUES ('30450476', 'The North Face Banchee 50L Internal Frame Pack', 199, 'HikingBackpack7', 27);
INSERT INTO store.product (ProductID, ProductName, ProductPrice, ProductPictureUrl, SubMenuID) VALUES ('30450486', 'The North Face Women''s Banchee 50L Internal Frame', 199, 'HikingBackpack8', 27);
INSERT INTO store.product (ProductID, ProductName, ProductPrice, ProductPictureUrl, SubMenuID) VALUES ('30450686', 'The North Face Women''s Banchee 35L Internal Frame', 169, 'HikingBackpack9', 27);
INSERT INTO store.product (ProductID, ProductName, ProductPrice, ProductPictureUrl, SubMenuID) VALUES ('30603056', 'Dolfin Men''s Platinum2 Color Block Jammer', 200, 'Men''sTechnicalSwimsuit4', 21);
INSERT INTO store.product (ProductID, ProductName, ProductPrice, ProductPictureUrl, SubMenuID) VALUES ('30603066', 'Dolfin Men''s Platinum2 Color Block Jammer', 200, 'Men''sTechnicalSwimsuit2', 21);
INSERT INTO store.product (ProductID, ProductName, ProductPrice, ProductPictureUrl, SubMenuID) VALUES ('30603076', 'Dolfin Men''s Platinum2 Color Block Jammer', 179.99, 'Men''sTechnicalSwimsuit3', 21);
INSERT INTO store.product (ProductID, ProductName, ProductPrice, ProductPictureUrl, SubMenuID) VALUES ('30767496', 'Dolfin Men''s Platinum2 Color Block Jammer', 200, 'Men''sTechnicalSwimsuit1', 21);
INSERT INTO store.product (ProductID, ProductName, ProductPrice, ProductPictureUrl, SubMenuID) VALUES ('30831056', 'The North Face Terra 65L Internal Frame Pack', 179.99, 'HikingBackpack3', 27);
INSERT INTO store.product (ProductID, ProductName, ProductPrice, ProductPictureUrl, SubMenuID) VALUES ('32322376', 'showers pass Men''s Transit Cycling Jacket', 175, 'CyclingJacket7', 17);
INSERT INTO store.product (ProductID, ProductName, ProductPrice, ProductPictureUrl, SubMenuID) VALUES ('32484216', 'Pearl Izumi Women''s SELECT Cycling Gloves', 25, 'CyclingGloves4', 15);
INSERT INTO store.product (ProductID, ProductName, ProductPrice, ProductPictureUrl, SubMenuID) VALUES ('33122256', '2XU Men''s Comp Cycling Gloves', 39.99, 'CyclingGloves1', 15);
INSERT INTO store.product (ProductID, ProductName, ProductPrice, ProductPictureUrl, SubMenuID) VALUES ('33122616', '2XU Women''s Comp Cycling Gloves', 39.99, 'CyclingGloves2', 15);
INSERT INTO store.product (ProductID, ProductName, ProductPrice, ProductPictureUrl, SubMenuID) VALUES ('34607096', 'Merrell Women''s Azura Waterproof Hiking Shoes', 119.99, 'Women''sHikingBoot1', 29);
INSERT INTO store.product (ProductID, ProductName, ProductPrice, ProductPictureUrl, SubMenuID) VALUES ('34607336', 'Merrell Women''s Moab Ventilator Hiking Shoes', 99.99, 'Women''sHikingBoot8', 29);
INSERT INTO store.product (ProductID, ProductName, ProductPrice, ProductPictureUrl, SubMenuID) VALUES ('35081906', 'Reebok Women''s Seamless Molded Cup Sports Bra', 35, 'SportsBras6', 26);
INSERT INTO store.product (ProductID, ProductName, ProductPrice, ProductPictureUrl, SubMenuID) VALUES ('35399016', 'Arena iMax Pro Mirrored Goggles', 26.6, 'SwimGoggles8', 18);
INSERT INTO store.product (ProductID, ProductName, ProductPrice, ProductPictureUrl, SubMenuID) VALUES ('35687766', 'Merrell Women''s Energis Waterproof Hiking Shoes', 89.99, 'Women''sHikingBoot3', 29);
INSERT INTO store.product (ProductID, ProductName, ProductPrice, ProductPictureUrl, SubMenuID) VALUES ('37778796', 'Nike Women''s Pro Core Indy Compression Sports Bra', 45, 'SportsBras2', 26);
INSERT INTO store.product (ProductID, ProductName, ProductPrice, ProductPictureUrl, SubMenuID) VALUES ('38029366', 'Roces Women''s RFG 1 Figure Skates', 64.99, 'Skates7', 6);
INSERT INTO store.product (ProductID, ProductName, ProductPrice, ProductPictureUrl, SubMenuID) VALUES ('38029466', 'Roces Women''s Fur Figure Skates', 79.99, 'Skates4', 6);
INSERT INTO store.product (ProductID, ProductName, ProductPrice, ProductPictureUrl, SubMenuID) VALUES ('38225926', 'Burton Men''s Moto Speed Zone 2015 Snowboard Boots', 169.95, 'SnowboardBoots10', 2);
INSERT INTO store.product (ProductID, ProductName, ProductPrice, ProductPictureUrl, SubMenuID) VALUES ('38225956', 'Burton Women''s Mint 2014-2015 Snowboard Boots', 169.95, 'SnowboardBoots13', 2);
INSERT INTO store.product (ProductID, ProductName, ProductPrice, ProductPictureUrl, SubMenuID) VALUES ('38225966', 'Burton Women''s Coco 2014-2015 Snowboard Boots', 149.95, 'SnowboardBoots14', 2);
INSERT INTO store.product (ProductID, ProductName, ProductPrice, ProductPictureUrl, SubMenuID) VALUES ('38225976', 'Burton Men''s Invader 2014-2015 Snowboard Boots', 149.95, 'SnowboardBoots11', 2);
INSERT INTO store.product (ProductID, ProductName, ProductPrice, ProductPictureUrl, SubMenuID) VALUES ('38225986', 'Burton Men''s Highline BOA 2014-2015 Snowboard Boots', 199.95, 'SnowboardBoots8', 2);
INSERT INTO store.product (ProductID, ProductName, ProductPrice, ProductPictureUrl, SubMenuID) VALUES ('38225996', 'Burton Women''s Starstruck BOA 2014-2015 Snowboard', 199.95, 'SnowboardBoots12', 2);
INSERT INTO store.product (ProductID, ProductName, ProductPrice, ProductPictureUrl, SubMenuID) VALUES ('38226006', 'Burton Youth Zipline BOA 2014-2015 Snowboard Boots', 129.95, 'SnowboardBoots9', 2);
INSERT INTO store.product (ProductID, ProductName, ProductPrice, ProductPictureUrl, SubMenuID) VALUES ('3986119', 'Speedo Men''s Solid Lycra Jammer', 37.99, 'MSwimsuit7', 20);
INSERT INTO store.product (ProductID, ProductName, ProductPrice, ProductPictureUrl, SubMenuID) VALUES ('3986268', 'Giro Adult Indicator Bike Helmet Premium', 39.99, 'BikeHelmets1', 16);
INSERT INTO store.product (ProductID, ProductName, ProductPrice, ProductPictureUrl, SubMenuID) VALUES ('3994138', 'TYR Men''s Alliance Team Splice Jammer', 36.99, 'MSwimsuit5', 20);
INSERT INTO store.product (ProductID, ProductName, ProductPrice, ProductPictureUrl, SubMenuID) VALUES ('3997881', 'Giro Women''s Skyla Bike Helmet Premium', 39.99, 'BikeHelmets3', 16);
INSERT INTO store.product (ProductID, ProductName, ProductPrice, ProductPictureUrl, SubMenuID) VALUES ('41359376', 'Nike Men''s Electric Anomaly Jammer', 39.99, 'MSwimsuit2', 20);
INSERT INTO store.product (ProductID, ProductName, ProductPrice, ProductPictureUrl, SubMenuID) VALUES ('41399706', 'Nike Women''s Victory Color Block Cut-Out', 59.99, 'WSwimsuit7', 19);
INSERT INTO store.product (ProductID, ProductName, ProductPrice, ProductPictureUrl, SubMenuID) VALUES ('41976996', 'High Sierra Long Trail 90L Frame Pack', 139.99, 'HikingBackpack2', 27);
INSERT INTO store.product (ProductID, ProductName, ProductPrice, ProductPictureUrl, SubMenuID) VALUES ('42170826', 'Saucony Men''s Sonic ViZi Running Jacket', 82.93, 'Men''sRunningJacket8', 22);
INSERT INTO store.product (ProductID, ProductName, ProductPrice, ProductPictureUrl, SubMenuID) VALUES ('42803106', 'CCM Youth RBZ Superfast Grip Ice Hockey Stick', 69.99, 'Stick8', 7);
INSERT INTO store.product (ProductID, ProductName, ProductPrice, ProductPictureUrl, SubMenuID) VALUES ('42809126', 'American Athletic Shoe Women''s Figure Skates', 42.99, 'Skates1', 6);
INSERT INTO store.product (ProductID, ProductName, ProductPrice, ProductPictureUrl, SubMenuID) VALUES ('42809146', 'American Athletic Shoe Women''s Turquoise Insole', 41.99, 'Skates5', 6);
INSERT INTO store.product (ProductID, ProductName, ProductPrice, ProductPictureUrl, SubMenuID) VALUES ('42916036', 'Nike Men''s Rain Runner Running Jacket', 225.93, 'Men''sRunningJacket7', 22);
INSERT INTO store.product (ProductID, ProductName, ProductPrice, ProductPictureUrl, SubMenuID) VALUES ('42932746', 'American Athletic Shoe Girls'' Figure Skates', 39.99, 'Skates2', 6);
INSERT INTO store.product (ProductID, ProductName, ProductPrice, ProductPictureUrl, SubMenuID) VALUES ('42932756', 'American Athletic Shoe Girls'' Soft Boot Pink', 49.99, 'Skates3', 6);
INSERT INTO store.product (ProductID, ProductName, ProductPrice, ProductPictureUrl, SubMenuID) VALUES ('4301344', 'Speedo Vanquisher 2.0 Mirrored Goggles', 21.99, 'SwimGoggles6', 18);
INSERT INTO store.product (ProductID, ProductName, ProductPrice, ProductPictureUrl, SubMenuID) VALUES ('43414496', 'Burton Men''s Concord BOA 2014-2015 Snowboard Boots', 299.99, 'SnowboardBoots6', 2);
INSERT INTO store.product (ProductID, ProductName, ProductPrice, ProductPictureUrl, SubMenuID) VALUES ('43414506', 'Burton Women''s Felix BOA 2014-2015 Snowboard Boots', 299.99, 'SnowboardBoots7', 2);
INSERT INTO store.product (ProductID, ProductName, ProductPrice, ProductPictureUrl, SubMenuID) VALUES ('43414516', 'Burton Men''s Blunt 2014-2015 Snowboard', 399.95, 'Snowboard27', 1);
INSERT INTO store.product (ProductID, ProductName, ProductPrice, ProductPictureUrl, SubMenuID) VALUES ('43414526', 'Burton Men''s Clash 2014-2015 Snowboard', 359.95, 'Snowboard24', 1);
INSERT INTO store.product (ProductID, ProductName, ProductPrice, ProductPictureUrl, SubMenuID) VALUES ('43414536', 'Burton Men''s Custom Flying V 2014-2015 Snowboard', 569.99, 'Snowboard30', 1);
INSERT INTO store.product (ProductID, ProductName, ProductPrice, ProductPictureUrl, SubMenuID) VALUES ('43414546', 'Burton Men''s Process Flying V 2014-2015 Snowboard', 449.99, 'Snowboard26', 1);
INSERT INTO store.product (ProductID, ProductName, ProductPrice, ProductPictureUrl, SubMenuID) VALUES ('43414556', 'Burton Men''s Ripcord 2014-2015 Snowboard', 319.95, 'Snowboard31', 1);
INSERT INTO store.product (ProductID, ProductName, ProductPrice, ProductPictureUrl, SubMenuID) VALUES ('43414576', 'Burton Women''s Déjà Vu 2014-2015 Snowboard', 449.99, 'Snowboard28', 1);
INSERT INTO store.product (ProductID, ProductName, ProductPrice, ProductPictureUrl, SubMenuID) VALUES ('43414586', 'Burton Women''s Feather 2014-2015 Snowboard', 359.95, 'Snowboard32', 1);
INSERT INTO store.product (ProductID, ProductName, ProductPrice, ProductPictureUrl, SubMenuID) VALUES ('43414596', 'Burton Women''s Genie 2014-2015 Snowboard', 319.95, 'Snowboard23', 1);
INSERT INTO store.product (ProductID, ProductName, ProductPrice, ProductPictureUrl, SubMenuID) VALUES ('43414606', 'Burton Women''s Lip-Stick 2014-2015 Snowboard', 499.99, 'Snowboard29', 1);
INSERT INTO store.product (ProductID, ProductName, ProductPrice, ProductPictureUrl, SubMenuID) VALUES ('43414616', 'Burton Women''s Social 2014-2015 Snowboard', 399.95, 'Snowboard25', 1);
INSERT INTO store.product (ProductID, ProductName, ProductPrice, ProductPictureUrl, SubMenuID) VALUES ('43707136', 'Burton Youth Riglet 2014-2015 Snowboard', 99.95, 'Snowboard21', 1);
INSERT INTO store.product (ProductID, ProductName, ProductPrice, ProductPictureUrl, SubMenuID) VALUES ('43892786', 'Giro 2013 Women''s Lure Snow Helmet', 99.99, 'Helmet6', 5);
INSERT INTO store.product (ProductID, ProductName, ProductPrice, ProductPictureUrl, SubMenuID) VALUES ('43892816', 'Giro Adult Montane Snow Helmet', 130, 'Helmet7', 5);
INSERT INTO store.product (ProductID, ProductName, ProductPrice, ProductPictureUrl, SubMenuID) VALUES ('43892856', 'Giro 2015 Women''s Sheer Snow Helmet', 129.99, 'Helmet8', 5);
INSERT INTO store.product (ProductID, ProductName, ProductPrice, ProductPictureUrl, SubMenuID) VALUES ('43892886', 'Giro Women''s Era Premium Snow Helmet', 74.99, 'Helmet4', 5);
INSERT INTO store.product (ProductID, ProductName, ProductPrice, ProductPictureUrl, SubMenuID) VALUES ('44001786', 'Merrell Men''s Moab Rover Hiking Shoes', 119.99, 'Men''sHikingBoot7', 28);
INSERT INTO store.product (ProductID, ProductName, ProductPrice, ProductPictureUrl, SubMenuID) VALUES ('45100896', 'Giro Men''s Treble II Cycling Shoes', 99.99, 'CyclingShoes5', 14);
INSERT INTO store.product (ProductID, ProductName, ProductPrice, ProductPictureUrl, SubMenuID) VALUES ('45203636', 'Nike Women''s Pro Padded Sports Bra', 35, 'SportsBras5', 26);
INSERT INTO store.product (ProductID, ProductName, ProductPrice, ProductPictureUrl, SubMenuID) VALUES ('45730456', 'Louis Garneau Men''s Escape Cycling Shoes', 79.99, 'CyclingShoes1', 14);
INSERT INTO store.product (ProductID, ProductName, ProductPrice, ProductPictureUrl, SubMenuID) VALUES ('45730466', 'Louis Garneau Women''s Escape Cycling Shoes', 79.99, 'CyclingShoes7', 14);
INSERT INTO store.product (ProductID, ProductName, ProductPrice, ProductPictureUrl, SubMenuID) VALUES ('45730476', 'Louis Garneau Men''s Multi Lite Cycling Shoes', 89.99, 'CyclingShoes2', 14);
INSERT INTO store.product (ProductID, ProductName, ProductPrice, ProductPictureUrl, SubMenuID) VALUES ('45730496', 'Louis Garneau Women''s Ventilator 2 Cycling ', 79.99, 'CyclingShoes8', 14);
INSERT INTO store.product (ProductID, ProductName, ProductPrice, ProductPictureUrl, SubMenuID) VALUES ('46539436', 'SPY Adult Doom Snow Goggles with Bonus Lens', 184.95, 'Goggle1', 4);
INSERT INTO store.product (ProductID, ProductName, ProductPrice, ProductPictureUrl, SubMenuID) VALUES ('46749456', 'Flow Men''s Verve 2014-2015 Snowboard', 369.99, 'Snowboard17', 1);
INSERT INTO store.product (ProductID, ProductName, ProductPrice, ProductPictureUrl, SubMenuID) VALUES ('46749486', 'Flow Youth Micron Mini 2014-2015 Snowboard', 189.99, 'Snowboard22', 1);
INSERT INTO store.product (ProductID, ProductName, ProductPrice, ProductPictureUrl, SubMenuID) VALUES ('46749506', 'Flow Women''s Hyku BOA Coiler Snowboard Boots', 159.99, 'SnowboardBoots5', 2);
INSERT INTO store.product (ProductID, ProductName, ProductPrice, ProductPictureUrl, SubMenuID) VALUES ('46852186', 'Nike Men''s Tech Fleece Windrunner Full Zip Running', 130, 'Men''sRunningJacket5', 22);
INSERT INTO store.product (ProductID, ProductName, ProductPrice, ProductPictureUrl, SubMenuID) VALUES ('49896856', 'Diamondback Boys'' Cobra 24'' Mountain Bike', 199.99, 'Bike2', 13);
INSERT INTO store.product (ProductID, ProductName, ProductPrice, ProductPictureUrl, SubMenuID) VALUES ('49896866', 'Diamondback Girls'' Tess 20'' Mountain Bike', 179.99, 'Bike4', 13);
INSERT INTO store.product (ProductID, ProductName, ProductPrice, ProductPictureUrl, SubMenuID) VALUES ('50132686', 'Diamondback Adult Axis XE 27.5'' Mountain Bike', 349.98, 'Bike3', 13);
INSERT INTO store.product (ProductID, ProductName, ProductPrice, ProductPictureUrl, SubMenuID) VALUES ('50170846', 'Salomon Women''s X Ultra Prime Hiking Shoes', 99.99, 'Women''sHikingBoot5', 29);
INSERT INTO store.product (ProductID, ProductName, ProductPrice, ProductPictureUrl, SubMenuID) VALUES ('50219706', 'Diamondback Boys'' Podium 24'' Road Bike', 600, 'Bike11', 13);
INSERT INTO store.product (ProductID, ProductName, ProductPrice, ProductPictureUrl, SubMenuID) VALUES ('50256786', 'Diamondback Boys'' Podium 650 Road Bike', 650, 'Bike12', 13);
INSERT INTO store.product (ProductID, ProductName, ProductPrice, ProductPictureUrl, SubMenuID) VALUES ('50619556', 'Nike Men''s Impossibly Light Running Jacket', 140, 'Men''sRunningJacket6', 22);
INSERT INTO store.product (ProductID, ProductName, ProductPrice, ProductPictureUrl, SubMenuID) VALUES ('50803066', 'Field & Stream Mountain Scout 45L Internal ', 69.99, 'HikingBackpack1', 27);
INSERT INTO store.product (ProductID, ProductName, ProductPrice, ProductPictureUrl, SubMenuID) VALUES ('51377156', 'Nishiki Adult Maricopa Road Bike', 499.99, 'Bike7', 13);
INSERT INTO store.product (ProductID, ProductName, ProductPrice, ProductPictureUrl, SubMenuID) VALUES ('51897176', 'Nishiki Girls'' Pueblo Mountain Bike', 219.99, 'Bike5', 13);
INSERT INTO store.product (ProductID, ProductName, ProductPrice, ProductPictureUrl, SubMenuID) VALUES ('52968086', 'Saucony Men''s Throttle Running Shorts', 48, 'Men''sRunningShort3', 24);
INSERT INTO store.product (ProductID, ProductName, ProductPrice, ProductPictureUrl, SubMenuID) VALUES ('53390786', 'Champion Women''s Absolute Workout Jacket', 45, 'Women''sRunningJacket8', 23);
INSERT INTO store.product (ProductID, ProductName, ProductPrice, ProductPictureUrl, SubMenuID) VALUES ('54998056', 'Nike Men''s 7'''' Challenger Running Shorts', 35, 'Men''sRunningShort4', 24);
INSERT INTO store.product (ProductID, ProductName, ProductPrice, ProductPictureUrl, SubMenuID) VALUES ('55316036', 'Nike Men''s Aeroloft 800 Summit Running Jacket', 217.93, 'Men''sRunningJacket4', 22);
INSERT INTO store.product (ProductID, ProductName, ProductPrice, ProductPictureUrl, SubMenuID) VALUES ('55704646', 'TYR Michigan State Spartans Special Ops ', 29.99, 'SwimGoggles2', 18);
INSERT INTO store.product (ProductID, ProductName, ProductPrice, ProductPictureUrl, SubMenuID) VALUES ('55704656', 'TYR Penn State Nittany Lions Special Ops', 29.99, 'SwimGoggles1', 18);
INSERT INTO store.product (ProductID, ProductName, ProductPrice, ProductPictureUrl, SubMenuID) VALUES ('55704666', 'TYR UCLA Bruins Special Ops 2.0 Polarized', 29.99, 'SwimGoggles4', 18);
INSERT INTO store.product (ProductID, ProductName, ProductPrice, ProductPictureUrl, SubMenuID) VALUES ('55704686', 'TYR Wisconsin Badgers Special Ops 2.0 ', 29.99, 'SwimGoggles3', 18);
INSERT INTO store.product (ProductID, ProductName, ProductPrice, ProductPictureUrl, SubMenuID) VALUES ('57086726', 'Nike Men''s 5'''' Distance Running Shorts', 50, 'Men''sRunningShort2', 24);
INSERT INTO store.product (ProductID, ProductName, ProductPrice, ProductPictureUrl, SubMenuID) VALUES ('57086736', 'Nike Men''s 7'''' Distance Running Shorts', 36.99, 'Men''sRunningShort1', 24);
INSERT INTO store.product (ProductID, ProductName, ProductPrice, ProductPictureUrl, SubMenuID) VALUES ('57086766', 'Nike Men''s Tech Fleece Bonded Windrunner Jacket', 135, 'Men''sRunningJacket2', 22);
INSERT INTO store.product (ProductID, ProductName, ProductPrice, ProductPictureUrl, SubMenuID) VALUES ('57087956', 'Nike Women''s Young And Fast 2-in-1 Running Shorts', 29.99, 'Women''sRunningShort6', 25);
INSERT INTO store.product (ProductID, ProductName, ProductPrice, ProductPictureUrl, SubMenuID) VALUES ('57090686', 'Merrell Men''s Chameleon Shift Ventilator Hiking', 129.99, 'Men''sHikingBoot5', 28);
INSERT INTO store.product (ProductID, ProductName, ProductPrice, ProductPictureUrl, SubMenuID) VALUES ('57108876', 'Reebok Women''s Ruched Swimsuit', 28.97, 'WSwimsuit1', 19);
INSERT INTO store.product (ProductID, ProductName, ProductPrice, ProductPictureUrl, SubMenuID) VALUES ('57110236', 'Merrell Women''s Azura Hiking Shoes', 99.99, 'Women''sHikingBoot6', 29);
INSERT INTO store.product (ProductID, ProductName, ProductPrice, ProductPictureUrl, SubMenuID) VALUES ('57155226', 'GT Adult GTS Comp Road Bike Premium', 849.99, 'Bike9', 13);
INSERT INTO store.product (ProductID, ProductName, ProductPrice, ProductPictureUrl, SubMenuID) VALUES ('57953346', 'Nishiki Adult Pagosa Bike Helmet Premium', 29.97, 'BikeHelmets2', 16);
INSERT INTO store.product (ProductID, ProductName, ProductPrice, ProductPictureUrl, SubMenuID) VALUES ('58240366', 'Reebok Women''s Sporty Swimsuit Premium', 35.99, 'WSwimsuit4', 19);
INSERT INTO store.product (ProductID, ProductName, ProductPrice, ProductPictureUrl, SubMenuID) VALUES ('58596476', 'Nike Women''s Tempo Running Shorts', 22.5, 'Women''sRunningShort1', 25);
INSERT INTO store.product (ProductID, ProductName, ProductPrice, ProductPictureUrl, SubMenuID) VALUES ('58597236', 'Nike Men''s 2'''' Racer Running Shorts', 30, 'Men''sRunningShort5', 24);
INSERT INTO store.product (ProductID, ProductName, ProductPrice, ProductPictureUrl, SubMenuID) VALUES ('58597256', 'Nike Men''s 5'''' Challenger Running Shorts', 32, 'Men''sRunningShort6', 24);
INSERT INTO store.product (ProductID, ProductName, ProductPrice, ProductPictureUrl, SubMenuID) VALUES ('58597676', 'Nike Women''s Tempo Printed Shorts', 24.99, 'Women''sRunningShort3', 25);
INSERT INTO store.product (ProductID, ProductName, ProductPrice, ProductPictureUrl, SubMenuID) VALUES ('58599936', 'Nike Women''s Heatherized Tempo Printed Shorts', 25.5, 'Women''sRunningShort4', 25);
INSERT INTO store.product (ProductID, ProductName, ProductPrice, ProductPictureUrl, SubMenuID) VALUES ('60291056', 'Kelty Women''s Red Cloud 80L Internal Frame Pack', 224.99, 'HikingBackpack4', 27);
INSERT INTO store.product (ProductID, ProductName, ProductPrice, ProductPictureUrl, SubMenuID) VALUES ('60291096', 'Kelty Catalyst 80L Internal Frame Pack', 199.99, 'HikingBackpack5', 27);
INSERT INTO store.product (ProductID, ProductName, ProductPrice, ProductPictureUrl, SubMenuID) VALUES ('60291126', 'Kelty Women''s Catalyst 61L Internal Frame Pack', 179.99, 'HikingBackpack6', 27);
INSERT INTO store.product (ProductID, ProductName, ProductPrice, ProductPictureUrl, SubMenuID) VALUES ('60316776', 'Pearl Izumi Men''s ELITE Gel Fingerless Cycling', 35, 'CyclingGloves6', 15);
INSERT INTO store.product (ProductID, ProductName, ProductPrice, ProductPictureUrl, SubMenuID) VALUES ('60316786', 'Pearl Izumi Men''s ELITE Gel Vent Fingerless Cycling', 40, 'CyclingGloves5', 15);
INSERT INTO store.product (ProductID, ProductName, ProductPrice, ProductPictureUrl, SubMenuID) VALUES ('61558176', 'TYR Women''s Double Binded Reversible Keyhole', 54.99, 'WSwimsuit9', 19);
INSERT INTO store.product (ProductID, ProductName, ProductPrice, ProductPictureUrl, SubMenuID) VALUES ('62585956', 'Louis Garneau Men''s Electra 2 Cycling Jacket', 99.99, 'CyclingJacket6', 17);
INSERT INTO store.product (ProductID, ProductName, ProductPrice, ProductPictureUrl, SubMenuID) VALUES ('62585976', 'Louis Garneau Men''s Modesto 2 Cycling Jacket', 64.99, 'CyclingJacket1', 17);
INSERT INTO store.product (ProductID, ProductName, ProductPrice, ProductPictureUrl, SubMenuID) VALUES ('62586366', 'Louis Garneau Men''s Terra MTB Cycling Shoes', 99.99, 'CyclingShoes3', 14);
INSERT INTO store.product (ProductID, ProductName, ProductPrice, ProductPictureUrl, SubMenuID) VALUES ('62586436', 'Louis Garneau Men''s MTB LS-100 Cycling Shoes', 159.99, 'CyclingShoes4', 14);
INSERT INTO store.product (ProductID, ProductName, ProductPrice, ProductPictureUrl, SubMenuID) VALUES ('62586456', 'Louis Garneau Women''s Multi Air Flex Cycling Shoes', 99.99, 'CyclingShoes10', 14);
INSERT INTO store.product (ProductID, ProductName, ProductPrice, ProductPictureUrl, SubMenuID) VALUES ('62618536', 'CCM Youth RBZ 260 Ice Hockey Stick', 39.99, 'Stick4', 7);
INSERT INTO store.product (ProductID, ProductName, ProductPrice, ProductPictureUrl, SubMenuID) VALUES ('62618546', 'CCM Youth RBZ Speedburner Ice Hockey Stick', 69.99, 'Stick5', 7);
INSERT INTO store.product (ProductID, ProductName, ProductPrice, ProductPictureUrl, SubMenuID) VALUES ('62851336', 'Nike Women''s New 10K Running Shorts', 30, 'Women''sRunningShort7', 25);
INSERT INTO store.product (ProductID, ProductName, ProductPrice, ProductPictureUrl, SubMenuID) VALUES ('63257816', 'Nike Women''s 4'''' Rival Running Shorts', 55, 'Women''sRunningShort5', 25);
INSERT INTO store.product (ProductID, ProductName, ProductPrice, ProductPictureUrl, SubMenuID) VALUES ('63260046', 'Champion Women''s PerforMax Marathon Packable', 65, 'Women''sRunningJacket7', 23);
INSERT INTO store.product (ProductID, ProductName, ProductPrice, ProductPictureUrl, SubMenuID) VALUES ('63495646', 'Louis Garneau Adult Le Tour Bike Helmet', 54.99, 'BikeHelmets5', 16);
INSERT INTO store.product (ProductID, ProductName, ProductPrice, ProductPictureUrl, SubMenuID) VALUES ('64581706', 'Merrell Men''s Vollis Hiking Shoes', 99.99, 'Men''sHikingBoot1', 28);
INSERT INTO store.product (ProductID, ProductName, ProductPrice, ProductPictureUrl, SubMenuID) VALUES ('64581866', 'CCM Youth 4052 Ultra Tacks Pink Ice Hockey Stick', 44.99, 'Stick6', 7);
INSERT INTO store.product (ProductID, ProductName, ProductPrice, ProductPictureUrl, SubMenuID) VALUES ('64620006', 'Louis Garneau Men''s Carbon LS-100 Cycling Shoes', 199.99, 'CyclingShoes6', 14);
INSERT INTO store.product (ProductID, ProductName, ProductPrice, ProductPictureUrl, SubMenuID) VALUES ('64805166', 'Speedo Vanquisher Optical Goggles', 21.99, 'SwimGoggles5', 18);
INSERT INTO store.product (ProductID, ProductName, ProductPrice, ProductPictureUrl, SubMenuID) VALUES ('65731076', 'Easton Youth Stealth C3.0 Straight Blade Ice', 49.99, 'Stick3', 7);
INSERT INTO store.product (ProductID, ProductName, ProductPrice, ProductPictureUrl, SubMenuID) VALUES ('65815896', 'Nike Women''s Pro Classic Logo Printed Sports Bra', 55, 'SportsBras4', 26);
INSERT INTO store.product (ProductID, ProductName, ProductPrice, ProductPictureUrl, SubMenuID) VALUES ('65815926', 'Nike Men''s 7'''' Distance Megapixel Printed Running', 55, 'Men''sRunningShort7', 24);
INSERT INTO store.product (ProductID, ProductName, ProductPrice, ProductPictureUrl, SubMenuID) VALUES ('65816086', 'Nike Men''s Dri-FIT Thermal Full Zip Running Jacket', 67.5, 'Men''sRunningJacket3', 22);
INSERT INTO store.product (ProductID, ProductName, ProductPrice, ProductPictureUrl, SubMenuID) VALUES ('66594056', 'Burton Men''s Blunt 2015-2016 Snowboard', 419.95, 'Snowboard16', 1);
INSERT INTO store.product (ProductID, ProductName, ProductPrice, ProductPictureUrl, SubMenuID) VALUES ('66594066', 'Burton Men''s Clash 2015-2016 Snowboard', 379.95, 'Snowboard20', 1);
INSERT INTO store.product (ProductID, ProductName, ProductPrice, ProductPictureUrl, SubMenuID) VALUES ('66594086', 'Burton Men''s Custom 2015-2016 Flying V Snowboard', 579.95, 'Snowboard9', 1);
INSERT INTO store.product (ProductID, ProductName, ProductPrice, ProductPictureUrl, SubMenuID) VALUES ('66594126', 'Burton Men''s Process 2015-2016 Flying V Snowboard', 479.95, 'Snowboard13', 1);
INSERT INTO store.product (ProductID, ProductName, ProductPrice, ProductPictureUrl, SubMenuID) VALUES ('66594136', 'Burton Men''s Ripcord 2015-2016 Snowboard', 339.95, 'Snowboard18', 1);
INSERT INTO store.product (ProductID, ProductName, ProductPrice, ProductPictureUrl, SubMenuID) VALUES ('66594146', 'Burton Men''s TWC Pro 2015-2016 Snowboard', 599.95, 'Snowboard14', 1);
INSERT INTO store.product (ProductID, ProductName, ProductPrice, ProductPictureUrl, SubMenuID) VALUES ('66594156', 'Burton Women''s Feather 2015-2016 Snowboard', 379.95, 'Snowboard19', 1);
INSERT INTO store.product (ProductID, ProductName, ProductPrice, ProductPictureUrl, SubMenuID) VALUES ('66594166', 'Burton Women''s Genie 2015-2016 Snowboard', 339.95, 'Snowboard15', 1);
INSERT INTO store.product (ProductID, ProductName, ProductPrice, ProductPictureUrl, SubMenuID) VALUES ('66661866', 'Reebok Women''s CrossFit Front Rack Sports Bra', 50, 'SportsBras3', 26);
INSERT INTO store.product (ProductID, ProductName, ProductPrice, ProductPictureUrl, SubMenuID) VALUES ('66662546', 'Giro Women''s Era Premium Snow Helmet', 100, 'Helmet2', 5);
INSERT INTO store.product (ProductID, ProductName, ProductPrice, ProductPictureUrl, SubMenuID) VALUES ('66663866', 'Burton Men''s Cartel 2015-16 EST Snowboard Bindings', 259.95, 'SnowboardBinding5', 3);
INSERT INTO store.product (ProductID, ProductName, ProductPrice, ProductPictureUrl, SubMenuID) VALUES ('66663876', 'Burton Men''s Concord 2015-2016 Snowboard Boots', 319.95, 'SnowboardBoots20', 2);
INSERT INTO store.product (ProductID, ProductName, ProductPrice, ProductPictureUrl, SubMenuID) VALUES ('66663896', 'Burton Men''s Throwback 2015-2016 Snowboard', 129.95, 'Snowboard11', 1);
INSERT INTO store.product (ProductID, ProductName, ProductPrice, ProductPictureUrl, SubMenuID) VALUES ('66663916', 'Burton Women''s Coco 2015-2016 Snowboard Boots', 149.95, 'SnowboardBoots4', 2);
INSERT INTO store.product (ProductID, ProductName, ProductPrice, ProductPictureUrl, SubMenuID) VALUES ('66663926', 'Burton Women''s Lexa EST 2015-2016 Snowboard Bindings', 259.95, 'SnowboardBinding4', 3);
INSERT INTO store.product (ProductID, ProductName, ProductPrice, ProductPictureUrl, SubMenuID) VALUES ('66663936', 'Burton Women''s Mint Speed Zone 2015-2016 Snowboard', 179.95, 'SnowboardBoots3', 2);
INSERT INTO store.product (ProductID, ProductName, ProductPrice, ProductPictureUrl, SubMenuID) VALUES ('66663946', 'Burton Women''s 2015-2016 Snowboard Boots', 209.95, 'SnowboardBoots2', 2);
INSERT INTO store.product (ProductID, ProductName, ProductPrice, ProductPictureUrl, SubMenuID) VALUES ('66663956', 'Burton Youth After School 2015-2016 Snowboard', 249.95, 'Snowboard12', 1);
INSERT INTO store.product (ProductID, ProductName, ProductPrice, ProductPictureUrl, SubMenuID) VALUES ('66663966', 'Burton Youth Chopper Marvel 2015-2016 Snowboard', 209.95, 'Snowboard10', 1);
INSERT INTO store.product (ProductID, ProductName, ProductPrice, ProductPictureUrl, SubMenuID) VALUES ('66663976', 'Burton Youth Zipline 2015-2016 Snowboard Boots', 139.95, 'SnowboardBoots1', 2);
INSERT INTO store.product (ProductID, ProductName, ProductPrice, ProductPictureUrl, SubMenuID) VALUES ('67084366', 'Burton Women''s Déjà Vu 2015-2016 Snowboard', 479.95, 'Snowboard4', 1);
INSERT INTO store.product (ProductID, ProductName, ProductPrice, ProductPictureUrl, SubMenuID) VALUES ('68250596', 'Nishiki Men''s Packable Cycling Jacket', 45, 'CyclingJacket3', 17);
INSERT INTO store.product (ProductID, ProductName, ProductPrice, ProductPictureUrl, SubMenuID) VALUES ('68250606', 'Nishiki Men''s Soft Shell Cycling Jacket', 65, 'CyclingJacket4', 17);
INSERT INTO store.product (ProductID, ProductName, ProductPrice, ProductPictureUrl, SubMenuID) VALUES ('68423856', 'Smith Optics Adult Variance Snow Helmet', 180, 'Helmet5', 5);
INSERT INTO store.product (ProductID, ProductName, ProductPrice, ProductPictureUrl, SubMenuID) VALUES ('68521196', 'Smith Optics Adult Aspect Snow Helmet', 100, 'Helmet3', 5);
INSERT INTO store.product (ProductID, ProductName, ProductPrice, ProductPictureUrl, SubMenuID) VALUES ('68521256', 'Smith Optics Adult Vantage Snow Helmet', 220, 'Helmet1', 5);
INSERT INTO store.product (ProductID, ProductName, ProductPrice, ProductPictureUrl, SubMenuID) VALUES ('68521276', 'Smith Optics Women''s Vantage Snow Helmet', 220, 'Helmet9', 5);
INSERT INTO store.product (ProductID, ProductName, ProductPrice, ProductPictureUrl, SubMenuID) VALUES ('68546826', 'Nike Women''s Enchanted Impossibly Light Running', 115, 'Women''sRunningJacket6', 23);
INSERT INTO store.product (ProductID, ProductName, ProductPrice, ProductPictureUrl, SubMenuID) VALUES ('68581816', 'Giro Adult Savant Bike Helmet Premium', 89.99, 'BikeHelmets6', 16);
INSERT INTO store.product (ProductID, ProductName, ProductPrice, ProductPictureUrl, SubMenuID) VALUES ('68582766', 'Flow Men''s Five Snowboard Bindings 2015-2016', 189.99, 'SnowboardBinding6', 3);
INSERT INTO store.product (ProductID, ProductName, ProductPrice, ProductPictureUrl, SubMenuID) VALUES ('68642256', 'Flow Men''s Era 2015-2016 Snowboard', 399.99, 'Snowboard5', 1);
INSERT INTO store.product (ProductID, ProductName, ProductPrice, ProductPictureUrl, SubMenuID) VALUES ('68642266', 'Flow Men''s Merc 2015-2016 Snowboard', 349.99, 'Snowboard1', 1);
INSERT INTO store.product (ProductID, ProductName, ProductPrice, ProductPictureUrl, SubMenuID) VALUES ('68642276', 'Flow Men''s Viper 2015-2016 Snowboard', 299.99, 'Snowboard3', 1);
INSERT INTO store.product (ProductID, ProductName, ProductPrice, ProductPictureUrl, SubMenuID) VALUES ('68642286', 'Flow Women''s Silhouette 2015-2016 Snowboard', 299.99, 'Snowboard2', 1);
INSERT INTO store.product (ProductID, ProductName, ProductPrice, ProductPictureUrl, SubMenuID) VALUES ('68642296', 'Flow Women''s Hyku BOA Coiler Snowboard Boots', 189.99, 'SnowboardBoots21', 2);
INSERT INTO store.product (ProductID, ProductName, ProductPrice, ProductPictureUrl, SubMenuID) VALUES ('68642306', 'Flow Youth Micron BOA Snowboard Boots 2015-2016', 129.99, 'SnowboardBoots22', 2);
INSERT INTO store.product (ProductID, ProductName, ProductPrice, ProductPictureUrl, SubMenuID) VALUES ('68642316', 'Flow Men''s NX2 Snowboard Bindings 2015-2016', 319.99, 'SnowboardBinding1', 3);
INSERT INTO store.product (ProductID, ProductName, ProductPrice, ProductPictureUrl, SubMenuID) VALUES ('68642326', 'Flow Men''s Fuse Snowboard Bindings 2015-2016', 269.99, 'SnowboardBinding2', 3);
INSERT INTO store.product (ProductID, ProductName, ProductPrice, ProductPictureUrl, SubMenuID) VALUES ('68642336', 'Flow Men''s Alpha Snowboard Bindings 2015-2016', 149.99, 'SnowboardBinding3', 3);
INSERT INTO store.product (ProductID, ProductName, ProductPrice, ProductPictureUrl, SubMenuID) VALUES ('68642356', 'Flow Youth Micron Snowboard Bindings 2015-2016', 139.99, 'SnowboardBinding7', 3);
INSERT INTO store.product (ProductID, ProductName, ProductPrice, ProductPictureUrl, SubMenuID) VALUES ('68824746', 'New Balance Women''s Heat En Route Running Jacket', 120, 'Women''sRunningJacket5', 23);
INSERT INTO store.product (ProductID, ProductName, ProductPrice, ProductPictureUrl, SubMenuID) VALUES ('69021816', 'Giro Adult Synthe Bike Helmet Premium', 249.99, 'BikeHelmets4', 16);
INSERT INTO store.product (ProductID, ProductName, ProductPrice, ProductPictureUrl, SubMenuID) VALUES ('69021866', 'Giro Adult Xar Bike Helmet Premium', 129.99, 'BikeHelmets7', 16);
INSERT INTO store.product (ProductID, ProductName, ProductPrice, ProductPictureUrl, SubMenuID) VALUES ('69440706', 'Merrell Men''s Mojave Hiking Shoes', 89.99, 'Men''sHikingBoot3', 28);
INSERT INTO store.product (ProductID, ProductName, ProductPrice, ProductPictureUrl, SubMenuID) VALUES ('69441706', 'Merrell Women''s Grassbow Air Hiking Shoes', 99.99, 'Women''sHikingBoot4', 29);
INSERT INTO store.product (ProductID, ProductName, ProductPrice, ProductPictureUrl, SubMenuID) VALUES ('69532106', 'Champion Women''s Marathon Full Zip Jacket', 60, 'Women''sRunningJacket3', 23);
INSERT INTO store.product (ProductID, ProductName, ProductPrice, ProductPictureUrl, SubMenuID) VALUES ('70134456', 'Saucony Women''s Aerospacer Hoodie', 115, 'Women''sRunningJacket4', 23);
INSERT INTO store.product (ProductID, ProductName, ProductPrice, ProductPictureUrl, SubMenuID) VALUES ('70867026', 'Burton Men''s Ready to Ride 2015-2016 Snowboard', 499.95, 'Snowboard7', 1);
INSERT INTO store.product (ProductID, ProductName, ProductPrice, ProductPictureUrl, SubMenuID) VALUES ('70867036', 'Burton Women''s Ready to Ride 2015-2016 Snowboard', 499.95, 'Snowboard8', 1);
INSERT INTO store.product (ProductID, ProductName, ProductPrice, ProductPictureUrl, SubMenuID) VALUES ('70867046', 'Burton Youth Ready to Ride 2015-2016 Snowboard', 379.95, 'Snowboard6', 1);
INSERT INTO store.product (ProductID, ProductName, ProductPrice, ProductPictureUrl, SubMenuID) VALUES ('71729046', 'CCM Youth 252 Ice Hockey Stick', 14.99, 'Stick2', 7);
INSERT INTO store.product (ProductID, ProductName, ProductPrice, ProductPictureUrl, SubMenuID) VALUES ('72553876', 'Diamondback Adult Podium E''Tape Road Bike', 2399.99, 'Bike8', 13);
INSERT INTO store.product (ProductID, ProductName, ProductPrice, ProductPictureUrl, SubMenuID) VALUES ('72553896', 'Diamondback Adult Century 1 Road Bike', 1099.99, 'Bike10', 13);
INSERT INTO store.product (ProductID, ProductName, ProductPrice, ProductPictureUrl, SubMenuID) VALUES ('72554096', 'Diamondback Adult Line 27.5'' Mountain Bike', 849.99, 'Bike6', 13);
INSERT INTO store.product (ProductID, ProductName, ProductPrice, ProductPictureUrl, SubMenuID) VALUES ('76007316', 'SPY Adult Doom Snow Goggles with Bonus Lens', 200, 'Goggle7', 4);
INSERT INTO store.product (ProductID, ProductName, ProductPrice, ProductPictureUrl, SubMenuID) VALUES ('76007326', 'SPY Adult Doom Snow Goggles with Bonus Lens', 200, 'Goggle8', 4);
INSERT INTO store.product (ProductID, ProductName, ProductPrice, ProductPictureUrl, SubMenuID) VALUES ('76007346', 'SPY Adult Doom Masked Snow Goggles with Bonus Lens', 220, 'Goggle2', 4);
INSERT INTO store.product (ProductID, ProductName, ProductPrice, ProductPictureUrl, SubMenuID) VALUES ('76007366', 'SPY Adult Doom Snow Goggles with Bonus Lens', 220, 'Goggle3', 4);
INSERT INTO store.product (ProductID, ProductName, ProductPrice, ProductPictureUrl, SubMenuID) VALUES ('76007406', 'SPY Adult Doom Nocturnal Snow Goggles with Bonus Lens', 220, 'Goggle4', 4);
INSERT INTO store.product (ProductID, ProductName, ProductPrice, ProductPictureUrl, SubMenuID) VALUES ('76007816', 'SPY Adult Bravo Snow Goggles with Bonus Lens', 220, 'Goggle5', 4);
INSERT INTO store.product (ProductID, ProductName, ProductPrice, ProductPictureUrl, SubMenuID) VALUES ('76007866', 'SPY Adult Bravo Snow Goggles with Bonus Lens', 220, 'Goggle6', 4);
INSERT INTO store.product (ProductID, ProductName, ProductPrice, ProductPictureUrl, SubMenuID) VALUES ('79924786', 'STX Youth Surgeon RX Ice Hockey Stick', 64.99, 'Stick1', 7);
INSERT INTO store.product (ProductID, ProductName, ProductPrice, ProductPictureUrl, SubMenuID) VALUES ('79983906', 'Diamondback Women''s Lux XE Mountain Bike', 349.98, 'Bike1', 13);
INSERT INTO store.product (ProductID, ProductName, ProductPrice, ProductPictureUrl, SubMenuID) VALUES ('80500406', 'Dolfin Men''s Winners Blitz Jammer', 38, 'MSwimsuit9', 20);
INSERT INTO store.product (ProductID, ProductName, ProductPrice, ProductPictureUrl, SubMenuID) VALUES ('80526926', 'Dolfin Men''s Uglies Rizzo Jammer', 32, 'MSwimsuit8', 20);
INSERT INTO store.product (ProductID, ProductName, ProductPrice, ProductPictureUrl, SubMenuID) VALUES ('80579876', 'Nike Women''s Shield 2.0 Running Jacket', 110, 'Women''sRunningJacket1', 23);
INSERT INTO store.product (ProductID, ProductName, ProductPrice, ProductPictureUrl, SubMenuID) VALUES ('80579986', 'Nike Women''s Shieldrunner Running Jacket', 250, 'Women''sRunningJacket2', 23);
INSERT INTO store.product (ProductID, ProductName, ProductPrice, ProductPictureUrl, SubMenuID) VALUES ('80579996', 'Nike Men''s Shieldrunner Full Zip Running Jacket', 250, 'Men''sRunningJacket1', 22);
INSERT INTO store.product (ProductID, ProductName, ProductPrice, ProductPictureUrl, SubMenuID) VALUES ('80581316', 'Giro Women''s Terradura Cycling Shoes', 180, 'CyclingShoes9', 14);
INSERT INTO store.product (ProductID, ProductName, ProductPrice, ProductPictureUrl, SubMenuID) VALUES ('81707456', 'Speedo Men''s Mind Over Cross Jammer', 49, 'MSwimsuit6', 20);
INSERT INTO store.product (ProductID, ProductName, ProductPrice, ProductPictureUrl, SubMenuID) VALUES ('99999900', 'DMM Super Couloir Harness Premium', 59.95, 'Harness1', 8);
INSERT INTO store.product (ProductID, ProductName, ProductPrice, ProductPictureUrl, SubMenuID) VALUES ('99999901', 'DMM Puma Women''s Harness Premium', 99.95, 'Harness2', 8);
INSERT INTO store.product (ProductID, ProductName, ProductPrice, ProductPictureUrl, SubMenuID) VALUES ('99999902', 'Beal Ellipse Harness Last Premium', 79.95, 'Harness3', 8);
INSERT INTO store.product (ProductID, ProductName, ProductPrice, ProductPictureUrl, SubMenuID) VALUES ('99999903', 'Beal Mirage Harness Last Premium', 79.95, 'Harness4', 8);
INSERT INTO store.product (ProductID, ProductName, ProductPrice, ProductPictureUrl, SubMenuID) VALUES ('99999904', 'Beal Instinct Harness Last Premium', 69.95, 'Harness5', 8);
INSERT INTO store.product (ProductID, ProductName, ProductPrice, ProductPictureUrl, SubMenuID) VALUES ('99999905', 'Singing Rock Canyon XP Harness', 109.95, 'Harness6', 8);
INSERT INTO store.product (ProductID, ProductName, ProductPrice, ProductPictureUrl, SubMenuID) VALUES ('99999906', 'Singing Rock Top Canyon Harness', 89.95, 'Harness7', 8);
INSERT INTO store.product (ProductID, ProductName, ProductPrice, ProductPictureUrl, SubMenuID) VALUES ('99999920', 'Sterling Fusion Ion R 9.4mm Rope', 211.1, 'Rope1', 9);
INSERT INTO store.product (ProductID, ProductName, ProductPrice, ProductPictureUrl, SubMenuID) VALUES ('99999921', 'Sterling Fusion Ion R 9.4mm Bi-Pattern Rope', 234, 'Rope2', 9);
INSERT INTO store.product (ProductID, ProductName, ProductPrice, ProductPictureUrl, SubMenuID) VALUES ('99999922', 'Trango Catalyst 9mm Rope Premium', 259.95, 'Rope3', 9);
INSERT INTO store.product (ProductID, ProductName, ProductPrice, ProductPictureUrl, SubMenuID) VALUES ('99999923', 'Trango Diamond 9.4mm Rope Premium', 194.95, 'Rope4', 9);
INSERT INTO store.product (ProductID, ProductName, ProductPrice, ProductPictureUrl, SubMenuID) VALUES ('99999924', 'Trango Lotus 9.9mm Rope Premium', 189, 'Rope5', 9);
INSERT INTO store.product (ProductID, ProductName, ProductPrice, ProductPictureUrl, SubMenuID) VALUES ('99999925', 'Trango Amphibian 8.1 mm Rope Premium', 174.95, 'Rope6', 9);
INSERT INTO store.product (ProductID, ProductName, ProductPrice, ProductPictureUrl, SubMenuID) VALUES ('99999940', 'Metolius Offset TCU Last Premium', 59.95, 'Protection1', 10);
INSERT INTO store.product (ProductID, ProductName, ProductPrice, ProductPictureUrl, SubMenuID) VALUES ('99999941', 'Black Diamond X4 Offset Camalot', 74.95, 'Protection2', 10);
INSERT INTO store.product (ProductID, ProductName, ProductPrice, ProductPictureUrl, SubMenuID) VALUES ('99999942', 'Fixe Offset Alien Cams Last Premium', 67.95, 'Protection3', 10);
INSERT INTO store.product (ProductID, ProductName, ProductPrice, ProductPictureUrl, SubMenuID) VALUES ('99999943', 'Black Diamond C3 Camalots Premium', 51.96, 'Protection4', 10);
INSERT INTO store.product (ProductID, ProductName, ProductPrice, ProductPictureUrl, SubMenuID) VALUES ('99999960', 'Five Ten Spire Climbing Shoe US ', 85.95, 'Shoes1', 11);
INSERT INTO store.product (ProductID, ProductName, ProductPrice, ProductPictureUrl, SubMenuID) VALUES ('99999961', 'Tenaya Ra Climbing Shoe Premium', 140, 'Shoes2', 11);
INSERT INTO store.product (ProductID, ProductName, ProductPrice, ProductPictureUrl, SubMenuID) VALUES ('99999962', 'La Sportiva Tarantulace Women''s Climbing Shoe', 80, 'Shoes3', 11);
INSERT INTO store.product (ProductID, ProductName, ProductPrice, ProductPictureUrl, SubMenuID) VALUES ('99999963', 'Red Chili Sausalito Climbing Shoe', 100, 'Shoes4', 11);
INSERT INTO store.product (ProductID, ProductName, ProductPrice, ProductPictureUrl, SubMenuID) VALUES ('99999964', 'Red Chili Spirit Speed Climbing Shoe', 100, 'Shoes5', 11);
INSERT INTO store.product (ProductID, ProductName, ProductPrice, ProductPictureUrl, SubMenuID) VALUES ('99999965', 'Red Chili Spirit Lady VCR Climbing Shoe', 109, 'Shoes6', 11);
INSERT INTO store.product (ProductID, ProductName, ProductPrice, ProductPictureUrl, SubMenuID) VALUES ('99999966', 'Red Chili Spirit VCR Climbing Shoe', 109, 'Shoes7', 11);
INSERT INTO store.product (ProductID, ProductName, ProductPrice, ProductPictureUrl, SubMenuID) VALUES ('99999980', 'Petzl Attache Screw-Lock Carabiner', 20.95, 'Carabiner1', 12);
INSERT INTO store.product (ProductID, ProductName, ProductPrice, ProductPictureUrl, SubMenuID) VALUES ('99999981', 'Trango Regulock HMS Screwlock Carabiner', 9.95, 'Carabiner2', 12);
INSERT INTO store.product (ProductID, ProductName, ProductPrice, ProductPictureUrl, SubMenuID) VALUES ('99999982', 'Grivel Sigma Wire Twin Gate Carabiner', 15.95, 'Carabiner3', 12);
INSERT INTO store.product (ProductID, ProductName, ProductPrice, ProductPictureUrl, SubMenuID) VALUES ('99999983', 'DMM Shadow Quicklock Carabiner', 23.5, 'Carabiner4', 12);
INSERT INTO store.product (ProductID, ProductName, ProductPrice, ProductPictureUrl, SubMenuID) VALUES ('99999984', 'CAMP HMS 3Lock Carabiner - Blue', 19.95, 'Carabiner5', 12);
INSERT INTO store.product (ProductID, ProductName, ProductPrice, ProductPictureUrl, SubMenuID) VALUES ('99999985', 'CAMP Orbit Screwlock Carabiner - Polished', 9.95, 'Carabiner6', 12);




INSERT INTO store.settedproduct (SettedProductId) VALUES ('11596141');
INSERT INTO store.settedproduct (SettedProductId) VALUES ('11783408');
INSERT INTO store.settedproduct (SettedProductId) VALUES ('12438524');
INSERT INTO store.settedproduct (SettedProductId) VALUES ('12438535');
INSERT INTO store.settedproduct (SettedProductId) VALUES ('12855117');
INSERT INTO store.settedproduct (SettedProductId) VALUES ('13122930');
INSERT INTO store.settedproduct (SettedProductId) VALUES ('13243084');
INSERT INTO store.settedproduct (SettedProductId) VALUES ('18499676');
INSERT INTO store.settedproduct (SettedProductId) VALUES ('20279426');
INSERT INTO store.settedproduct (SettedProductId) VALUES ('23066226');
INSERT INTO store.settedproduct (SettedProductId) VALUES ('23066256');
INSERT INTO store.settedproduct (SettedProductId) VALUES ('23096586');
INSERT INTO store.settedproduct (SettedProductId) VALUES ('23442506');
INSERT INTO store.settedproduct (SettedProductId) VALUES ('23442516');
INSERT INTO store.settedproduct (SettedProductId) VALUES ('23596006');
INSERT INTO store.settedproduct (SettedProductId) VALUES ('23645596');
INSERT INTO store.settedproduct (SettedProductId) VALUES ('23645616');
INSERT INTO store.settedproduct (SettedProductId) VALUES ('23645636');
INSERT INTO store.settedproduct (SettedProductId) VALUES ('23645646');
INSERT INTO store.settedproduct (SettedProductId) VALUES ('23645656');
INSERT INTO store.settedproduct (SettedProductId) VALUES ('24020376');
INSERT INTO store.settedproduct (SettedProductId) VALUES ('24373976');
INSERT INTO store.settedproduct (SettedProductId) VALUES ('24737966');
INSERT INTO store.settedproduct (SettedProductId) VALUES ('24737976');
INSERT INTO store.settedproduct (SettedProductId) VALUES ('24904116');
INSERT INTO store.settedproduct (SettedProductId) VALUES ('28565316');
INSERT INTO store.settedproduct (SettedProductId) VALUES ('28702766');
INSERT INTO store.settedproduct (SettedProductId) VALUES ('28702776');
INSERT INTO store.settedproduct (SettedProductId) VALUES ('28702826');
INSERT INTO store.settedproduct (SettedProductId) VALUES ('28702916');
INSERT INTO store.settedproduct (SettedProductId) VALUES ('28702926');
INSERT INTO store.settedproduct (SettedProductId) VALUES ('29600886');
INSERT INTO store.settedproduct (SettedProductId) VALUES ('2979956');
INSERT INTO store.settedproduct (SettedProductId) VALUES ('29833456');
INSERT INTO store.settedproduct (SettedProductId) VALUES ('29984616');
INSERT INTO store.settedproduct (SettedProductId) VALUES ('30450476');
INSERT INTO store.settedproduct (SettedProductId) VALUES ('30450486');
INSERT INTO store.settedproduct (SettedProductId) VALUES ('30450686');
INSERT INTO store.settedproduct (SettedProductId) VALUES ('30603056');
INSERT INTO store.settedproduct (SettedProductId) VALUES ('30603066');
INSERT INTO store.settedproduct (SettedProductId) VALUES ('30603076');
INSERT INTO store.settedproduct (SettedProductId) VALUES ('30767496');
INSERT INTO store.settedproduct (SettedProductId) VALUES ('30831056');
INSERT INTO store.settedproduct (SettedProductId) VALUES ('32322376');
INSERT INTO store.settedproduct (SettedProductId) VALUES ('32484216');
INSERT INTO store.settedproduct (SettedProductId) VALUES ('33122256');
INSERT INTO store.settedproduct (SettedProductId) VALUES ('33122616');
INSERT INTO store.settedproduct (SettedProductId) VALUES ('34607096');
INSERT INTO store.settedproduct (SettedProductId) VALUES ('34607336');
INSERT INTO store.settedproduct (SettedProductId) VALUES ('35081906');
INSERT INTO store.settedproduct (SettedProductId) VALUES ('35399016');
INSERT INTO store.settedproduct (SettedProductId) VALUES ('35687766');
INSERT INTO store.settedproduct (SettedProductId) VALUES ('37778796');
INSERT INTO store.settedproduct (SettedProductId) VALUES ('38029366');
INSERT INTO store.settedproduct (SettedProductId) VALUES ('38029466');
INSERT INTO store.settedproduct (SettedProductId) VALUES ('38225926');
INSERT INTO store.settedproduct (SettedProductId) VALUES ('38225956');
INSERT INTO store.settedproduct (SettedProductId) VALUES ('38225966');
INSERT INTO store.settedproduct (SettedProductId) VALUES ('38225976');
INSERT INTO store.settedproduct (SettedProductId) VALUES ('38225986');
INSERT INTO store.settedproduct (SettedProductId) VALUES ('38225996');
INSERT INTO store.settedproduct (SettedProductId) VALUES ('38226006');
INSERT INTO store.settedproduct (SettedProductId) VALUES ('3986119');
INSERT INTO store.settedproduct (SettedProductId) VALUES ('3986268');
INSERT INTO store.settedproduct (SettedProductId) VALUES ('3994138');
INSERT INTO store.settedproduct (SettedProductId) VALUES ('3997881');
INSERT INTO store.settedproduct (SettedProductId) VALUES ('41359376');
INSERT INTO store.settedproduct (SettedProductId) VALUES ('41399706');
INSERT INTO store.settedproduct (SettedProductId) VALUES ('41976996');
INSERT INTO store.settedproduct (SettedProductId) VALUES ('42170826');
INSERT INTO store.settedproduct (SettedProductId) VALUES ('42803106');
INSERT INTO store.settedproduct (SettedProductId) VALUES ('42809126');
INSERT INTO store.settedproduct (SettedProductId) VALUES ('42809146');
INSERT INTO store.settedproduct (SettedProductId) VALUES ('42916036');
INSERT INTO store.settedproduct (SettedProductId) VALUES ('42932746');
INSERT INTO store.settedproduct (SettedProductId) VALUES ('42932756');
INSERT INTO store.settedproduct (SettedProductId) VALUES ('4301344');
INSERT INTO store.settedproduct (SettedProductId) VALUES ('43414496');
INSERT INTO store.settedproduct (SettedProductId) VALUES ('43414506');
INSERT INTO store.settedproduct (SettedProductId) VALUES ('43414516');
INSERT INTO store.settedproduct (SettedProductId) VALUES ('43414526');
INSERT INTO store.settedproduct (SettedProductId) VALUES ('43414536');
INSERT INTO store.settedproduct (SettedProductId) VALUES ('43414546');
INSERT INTO store.settedproduct (SettedProductId) VALUES ('43414556');
INSERT INTO store.settedproduct (SettedProductId) VALUES ('43414576');
INSERT INTO store.settedproduct (SettedProductId) VALUES ('43414586');
INSERT INTO store.settedproduct (SettedProductId) VALUES ('43414596');
INSERT INTO store.settedproduct (SettedProductId) VALUES ('43414606');
INSERT INTO store.settedproduct (SettedProductId) VALUES ('43414616');
INSERT INTO store.settedproduct (SettedProductId) VALUES ('43707136');
INSERT INTO store.settedproduct (SettedProductId) VALUES ('43892786');
INSERT INTO store.settedproduct (SettedProductId) VALUES ('43892816');
INSERT INTO store.settedproduct (SettedProductId) VALUES ('43892856');
INSERT INTO store.settedproduct (SettedProductId) VALUES ('43892886');
INSERT INTO store.settedproduct (SettedProductId) VALUES ('44001786');
INSERT INTO store.settedproduct (SettedProductId) VALUES ('45100896');
INSERT INTO store.settedproduct (SettedProductId) VALUES ('45203636');
INSERT INTO store.settedproduct (SettedProductId) VALUES ('45730456');
INSERT INTO store.settedproduct (SettedProductId) VALUES ('45730466');
INSERT INTO store.settedproduct (SettedProductId) VALUES ('45730476');
INSERT INTO store.settedproduct (SettedProductId) VALUES ('45730496');
INSERT INTO store.settedproduct (SettedProductId) VALUES ('46539436');
INSERT INTO store.settedproduct (SettedProductId) VALUES ('46749456');
INSERT INTO store.settedproduct (SettedProductId) VALUES ('46749486');
INSERT INTO store.settedproduct (SettedProductId) VALUES ('46749506');
INSERT INTO store.settedproduct (SettedProductId) VALUES ('46852186');
INSERT INTO store.settedproduct (SettedProductId) VALUES ('49896856');
INSERT INTO store.settedproduct (SettedProductId) VALUES ('49896866');
INSERT INTO store.settedproduct (SettedProductId) VALUES ('50132686');
INSERT INTO store.settedproduct (SettedProductId) VALUES ('50170846');
INSERT INTO store.settedproduct (SettedProductId) VALUES ('50219706');
INSERT INTO store.settedproduct (SettedProductId) VALUES ('50256786');
INSERT INTO store.settedproduct (SettedProductId) VALUES ('50619556');
INSERT INTO store.settedproduct (SettedProductId) VALUES ('50803066');
INSERT INTO store.settedproduct (SettedProductId) VALUES ('51377156');
INSERT INTO store.settedproduct (SettedProductId) VALUES ('51897176');
INSERT INTO store.settedproduct (SettedProductId) VALUES ('52968086');
INSERT INTO store.settedproduct (SettedProductId) VALUES ('53390786');
INSERT INTO store.settedproduct (SettedProductId) VALUES ('54998056');
INSERT INTO store.settedproduct (SettedProductId) VALUES ('55316036');
INSERT INTO store.settedproduct (SettedProductId) VALUES ('55704646');
INSERT INTO store.settedproduct (SettedProductId) VALUES ('55704656');
INSERT INTO store.settedproduct (SettedProductId) VALUES ('55704666');
INSERT INTO store.settedproduct (SettedProductId) VALUES ('55704686');
INSERT INTO store.settedproduct (SettedProductId) VALUES ('57086726');
INSERT INTO store.settedproduct (SettedProductId) VALUES ('57086736');
INSERT INTO store.settedproduct (SettedProductId) VALUES ('57086766');
INSERT INTO store.settedproduct (SettedProductId) VALUES ('57087956');
INSERT INTO store.settedproduct (SettedProductId) VALUES ('57090686');
INSERT INTO store.settedproduct (SettedProductId) VALUES ('57108876');
INSERT INTO store.settedproduct (SettedProductId) VALUES ('57110236');
INSERT INTO store.settedproduct (SettedProductId) VALUES ('57155226');
INSERT INTO store.settedproduct (SettedProductId) VALUES ('57953346');
INSERT INTO store.settedproduct (SettedProductId) VALUES ('58240366');
INSERT INTO store.settedproduct (SettedProductId) VALUES ('58596476');
INSERT INTO store.settedproduct (SettedProductId) VALUES ('58597236');
INSERT INTO store.settedproduct (SettedProductId) VALUES ('58597256');
INSERT INTO store.settedproduct (SettedProductId) VALUES ('58597676');
INSERT INTO store.settedproduct (SettedProductId) VALUES ('58599936');
INSERT INTO store.settedproduct (SettedProductId) VALUES ('60291056');
INSERT INTO store.settedproduct (SettedProductId) VALUES ('60291096');
INSERT INTO store.settedproduct (SettedProductId) VALUES ('60291126');
INSERT INTO store.settedproduct (SettedProductId) VALUES ('60316776');
INSERT INTO store.settedproduct (SettedProductId) VALUES ('60316786');
INSERT INTO store.settedproduct (SettedProductId) VALUES ('61558176');
INSERT INTO store.settedproduct (SettedProductId) VALUES ('62585956');
INSERT INTO store.settedproduct (SettedProductId) VALUES ('62585976');
INSERT INTO store.settedproduct (SettedProductId) VALUES ('62586366');
INSERT INTO store.settedproduct (SettedProductId) VALUES ('62586436');
INSERT INTO store.settedproduct (SettedProductId) VALUES ('62586456');
INSERT INTO store.settedproduct (SettedProductId) VALUES ('62618536');
INSERT INTO store.settedproduct (SettedProductId) VALUES ('62618546');
INSERT INTO store.settedproduct (SettedProductId) VALUES ('62851336');
INSERT INTO store.settedproduct (SettedProductId) VALUES ('63257816');
INSERT INTO store.settedproduct (SettedProductId) VALUES ('63260046');
INSERT INTO store.settedproduct (SettedProductId) VALUES ('63495646');
INSERT INTO store.settedproduct (SettedProductId) VALUES ('64581706');
INSERT INTO store.settedproduct (SettedProductId) VALUES ('64581866');
INSERT INTO store.settedproduct (SettedProductId) VALUES ('64620006');
INSERT INTO store.settedproduct (SettedProductId) VALUES ('64805166');
INSERT INTO store.settedproduct (SettedProductId) VALUES ('65731076');
INSERT INTO store.settedproduct (SettedProductId) VALUES ('65815896');
INSERT INTO store.settedproduct (SettedProductId) VALUES ('65815926');
INSERT INTO store.settedproduct (SettedProductId) VALUES ('65816086');
INSERT INTO store.settedproduct (SettedProductId) VALUES ('66594056');
INSERT INTO store.settedproduct (SettedProductId) VALUES ('66594066');
INSERT INTO store.settedproduct (SettedProductId) VALUES ('66594086');
INSERT INTO store.settedproduct (SettedProductId) VALUES ('66594126');
INSERT INTO store.settedproduct (SettedProductId) VALUES ('66594136');
INSERT INTO store.settedproduct (SettedProductId) VALUES ('66594146');
INSERT INTO store.settedproduct (SettedProductId) VALUES ('66594156');
INSERT INTO store.settedproduct (SettedProductId) VALUES ('66594166');
INSERT INTO store.settedproduct (SettedProductId) VALUES ('66661866');
INSERT INTO store.settedproduct (SettedProductId) VALUES ('66662546');
INSERT INTO store.settedproduct (SettedProductId) VALUES ('66663866');
INSERT INTO store.settedproduct (SettedProductId) VALUES ('66663876');
INSERT INTO store.settedproduct (SettedProductId) VALUES ('66663896');
INSERT INTO store.settedproduct (SettedProductId) VALUES ('66663916');
INSERT INTO store.settedproduct (SettedProductId) VALUES ('66663926');
INSERT INTO store.settedproduct (SettedProductId) VALUES ('66663936');
INSERT INTO store.settedproduct (SettedProductId) VALUES ('66663946');
INSERT INTO store.settedproduct (SettedProductId) VALUES ('66663956');
INSERT INTO store.settedproduct (SettedProductId) VALUES ('66663966');
INSERT INTO store.settedproduct (SettedProductId) VALUES ('66663976');
INSERT INTO store.settedproduct (SettedProductId) VALUES ('67084366');
INSERT INTO store.settedproduct (SettedProductId) VALUES ('68250596');
INSERT INTO store.settedproduct (SettedProductId) VALUES ('68250606');
INSERT INTO store.settedproduct (SettedProductId) VALUES ('68423856');
INSERT INTO store.settedproduct (SettedProductId) VALUES ('68521196');
INSERT INTO store.settedproduct (SettedProductId) VALUES ('68521256');
INSERT INTO store.settedproduct (SettedProductId) VALUES ('68521276');
INSERT INTO store.settedproduct (SettedProductId) VALUES ('68546826');
INSERT INTO store.settedproduct (SettedProductId) VALUES ('68581816');
INSERT INTO store.settedproduct (SettedProductId) VALUES ('68582766');
INSERT INTO store.settedproduct (SettedProductId) VALUES ('68642256');
INSERT INTO store.settedproduct (SettedProductId) VALUES ('68642266');
INSERT INTO store.settedproduct (SettedProductId) VALUES ('68642276');
INSERT INTO store.settedproduct (SettedProductId) VALUES ('68642286');
INSERT INTO store.settedproduct (SettedProductId) VALUES ('68642296');
INSERT INTO store.settedproduct (SettedProductId) VALUES ('68642306');
INSERT INTO store.settedproduct (SettedProductId) VALUES ('68642316');
INSERT INTO store.settedproduct (SettedProductId) VALUES ('68642326');
INSERT INTO store.settedproduct (SettedProductId) VALUES ('68642336');
INSERT INTO store.settedproduct (SettedProductId) VALUES ('68642356');
INSERT INTO store.settedproduct (SettedProductId) VALUES ('68824746');
INSERT INTO store.settedproduct (SettedProductId) VALUES ('69021816');
INSERT INTO store.settedproduct (SettedProductId) VALUES ('69021866');
INSERT INTO store.settedproduct (SettedProductId) VALUES ('69440706');
INSERT INTO store.settedproduct (SettedProductId) VALUES ('69441706');
INSERT INTO store.settedproduct (SettedProductId) VALUES ('69532106');
INSERT INTO store.settedproduct (SettedProductId) VALUES ('70134456');
INSERT INTO store.settedproduct (SettedProductId) VALUES ('70867026');
INSERT INTO store.settedproduct (SettedProductId) VALUES ('70867036');
INSERT INTO store.settedproduct (SettedProductId) VALUES ('70867046');
INSERT INTO store.settedproduct (SettedProductId) VALUES ('71729046');
INSERT INTO store.settedproduct (SettedProductId) VALUES ('72553876');
INSERT INTO store.settedproduct (SettedProductId) VALUES ('72553896');
INSERT INTO store.settedproduct (SettedProductId) VALUES ('72554096');
INSERT INTO store.settedproduct (SettedProductId) VALUES ('76007316');
INSERT INTO store.settedproduct (SettedProductId) VALUES ('76007326');
INSERT INTO store.settedproduct (SettedProductId) VALUES ('76007346');
INSERT INTO store.settedproduct (SettedProductId) VALUES ('76007366');
INSERT INTO store.settedproduct (SettedProductId) VALUES ('76007406');
INSERT INTO store.settedproduct (SettedProductId) VALUES ('76007816');
INSERT INTO store.settedproduct (SettedProductId) VALUES ('76007866');
INSERT INTO store.settedproduct (SettedProductId) VALUES ('79924786');
INSERT INTO store.settedproduct (SettedProductId) VALUES ('79983906');
INSERT INTO store.settedproduct (SettedProductId) VALUES ('80500406');
INSERT INTO store.settedproduct (SettedProductId) VALUES ('80526926');
INSERT INTO store.settedproduct (SettedProductId) VALUES ('80579876');
INSERT INTO store.settedproduct (SettedProductId) VALUES ('80579986');
INSERT INTO store.settedproduct (SettedProductId) VALUES ('80579996');
INSERT INTO store.settedproduct (SettedProductId) VALUES ('80581316');
INSERT INTO store.settedproduct (SettedProductId) VALUES ('81707456');
INSERT INTO store.settedproduct (SettedProductId) VALUES ('99999900');
INSERT INTO store.settedproduct (SettedProductId) VALUES ('99999901');
INSERT INTO store.settedproduct (SettedProductId) VALUES ('99999902');
INSERT INTO store.settedproduct (SettedProductId) VALUES ('99999903');
INSERT INTO store.settedproduct (SettedProductId) VALUES ('99999904');
INSERT INTO store.settedproduct (SettedProductId) VALUES ('99999905');
INSERT INTO store.settedproduct (SettedProductId) VALUES ('99999906');
INSERT INTO store.settedproduct (SettedProductId) VALUES ('99999920');
INSERT INTO store.settedproduct (SettedProductId) VALUES ('99999921');
INSERT INTO store.settedproduct (SettedProductId) VALUES ('99999922');
INSERT INTO store.settedproduct (SettedProductId) VALUES ('99999923');
INSERT INTO store.settedproduct (SettedProductId) VALUES ('99999924');
INSERT INTO store.settedproduct (SettedProductId) VALUES ('99999925');
INSERT INTO store.settedproduct (SettedProductId) VALUES ('99999940');
INSERT INTO store.settedproduct (SettedProductId) VALUES ('99999941');
INSERT INTO store.settedproduct (SettedProductId) VALUES ('99999942');
INSERT INTO store.settedproduct (SettedProductId) VALUES ('99999943');
INSERT INTO store.settedproduct (SettedProductId) VALUES ('99999960');
INSERT INTO store.settedproduct (SettedProductId) VALUES ('99999961');
INSERT INTO store.settedproduct (SettedProductId) VALUES ('99999962');
INSERT INTO store.settedproduct (SettedProductId) VALUES ('99999963');
INSERT INTO store.settedproduct (SettedProductId) VALUES ('99999964');
INSERT INTO store.settedproduct (SettedProductId) VALUES ('99999965');
INSERT INTO store.settedproduct (SettedProductId) VALUES ('99999966');
INSERT INTO store.settedproduct (SettedProductId) VALUES ('99999980');
INSERT INTO store.settedproduct (SettedProductId) VALUES ('99999981');
INSERT INTO store.settedproduct (SettedProductId) VALUES ('99999982');
INSERT INTO store.settedproduct (SettedProductId) VALUES ('99999983');
INSERT INTO store.settedproduct (SettedProductId) VALUES ('99999984');
INSERT INTO store.settedproduct (SettedProductId) VALUES ('99999985');


